,epoch,net,congruency,accuracy
0,0,1,C,0.9712857142857143
1,0,1,IC,0.8927857142857143
2,0,2,C,0.9599285714285715
3,0,2,IC,0.8754285714285714
4,10,1,C,0.8046428571428571
5,10,1,IC,0.7896428571428571
6,10,2,C,0.7947857142857143
7,10,2,IC,0.8417142857142857
8,20,1,C,0.7462857142857143
9,20,1,IC,0.7951428571428572
10,20,2,C,0.8173571428571429
11,20,2,IC,0.847
12,30,1,C,0.8515714285714285
13,30,1,IC,0.8597857142857143
14,30,2,C,0.8332142857142857
15,30,2,IC,0.799
